0001;Krefeld;28.08.1957;Flasche;Claudia;Verkauf;C3;4800.00
0002;Mönchengladbach;27.03.1964;Frank;Siegfried;Verkauf;C3;2810.00
0003;Krefeld;26.10.1971;Frith;Jeremy;Verkauf;C3;2840.00
0004;Krefeld;25.05.1978;Kieß;Jochen;Verkauf;C3;2870.00
0005;Düsseldorf;24.12.1955;Zeller;Ernst;Verkauf;C3;2900.00
0006;Düsseldorf;23.07.1962;Billing;Johannes;Verkauf;C3;2930.00
0007;Mönchengladbach;22.02.1969;Glück;Dorothea;Verkauf;C3;2960.00
0008;Viersen;21.09.1976;Zeller;Hans-Jörg;Verkauf;C3;2990.00
0009;Krefeld;20.04.1953;Decker;Heinz;Verkauf;C3;3020.00
0010;Viersen;19.11.1960;Vatter;Martha;Verkauf;C3;3050.00
0011;Mönchengladbach;18.06.1967;Mailänder;Gerd;Verkauf;C3;3080.00
0012;Düsseldorf;17.01.1974;Welzel;Manfred;Verkauf;C3;3110.00
0013;Düsseldorf;16.08.1951;Beck;Adolf;Verkauf;C3;3140.00
0014;Mönchengladbach;15.03.1958;Dopke;Herbert;Verkauf;C3;3170.00
0015;Düsseldorf;14.10.1965;Gasch;Marta;Verkauf;C3;3200.00
0016;Krefeld;13.05.1972;Ismet;Ipek;Verkauf;C3;3230.00
0017;Krefeld;12.12.1979;Sailer;Götz;Verkauf;C3;2760.00
0018;Mönchengladbach;11.07.1956;Spathopoulos;Joannis;Verkauf;C3;2790.00
0019;Düsseldorf;10.02.1963;Bauer;Hermann;Verkauf;C3;2820.00
0020;Mönchengladbach;09.09.1970;Budde;Ferdinand;Verkauf;C3;2850.00
0021;Duisburg;08.04.1977;Herwarth;Walter;Verkauf;C3;2880.00
0022;Düsseldorf;07.11.1954;Teufel;Paul;Verkauf;C3;2910.00
0023;Mönchengladbach;06.06.1961;Leis;Rolf;Verkauf;C3;2940.00
0024;Krefeld;05.01.1968;List;Walter;Verkauf;C3;2970.00
0025;Krefeld;04.08.1975;Mayer;Helmut;Verkauf;C3;3000.00
0026;Viersen;03.03.1952;Selzer;Beate;Verkauf;C3;3030.00
0027;Krefeld;02.10.1959;Wagner;Richard;Verkauf;C3;3060.00
0028;Mönchengladbach;01.05.1966;Becher;Anneliese;Verkauf;C3;3090.00
0029;Mönchengladbach;28.12.1973;Eberle;Stefan;Verkauf;C3;3120.00
0030;Krefeld;27.07.1950;Engelbert;Stefan;Verkauf;C3;3150.00
0031;Krefeld;26.02.1957;Groá;Johannes;Verkauf;C3;3180.00
0032;Viersen;25.09.1964;Kern;Benjamin;Verkauf;C3;3210.00
0033;Krefeld;24.04.1971;Kern;Walter;Verkauf;C3;3240.00
0034;Krefeld;23.11.1978;Fleischer;Gotthard;Verkauf;C3;2770.00
0035;Krefeld;22.06.1955;Kaufmann;Johann;Verkauf;C3;2800.00
0036;Viersen;21.01.1962;Richter;Willi;Verkauf;C3;2830.00
0037;Krefeld;20.08.1969;Weber;Hubert;Verkauf;C3;2860.00
0038;Mönchengladbach;19.03.1976;Speh;Peter;Verkauf;C3;2890.00
0039;Duisburg;18.10.1953;Lucius;Wulf;Verkauf;C3;2920.00
0040;Krefeld;17.05.1960;Wacker;Werner;Verkauf;C3;2950.00
0041;Duisburg;16.12.1967;Haspel;Dieter;Verkauf;C3;2980.00
0042;Krefeld;15.07.1974;Speidel;Werner;Verkauf;C3;3010.00
0043;Mönchengladbach;14.02.1951;Dziedzina;Krystian;Verkauf;C3;3040.00
0044;Duisburg;13.09.1958;Bernhardi;Hans;Verkauf;C3;3070.00
0045;Krefeld;12.04.1965;Mittmann;Karin;Verkauf;C3;3100.00
0046;Düsseldorf;11.11.1972;Matthiesen;Saskia;Verkauf;C3;3130.00
0047;Krefeld;10.06.1979;Stegmeyer;Susanne;Verkauf;C3;3160.00
0048;Krefeld;09.01.1956;Oettinger;Otto;Verkauf;C3;3190.00
0049;Duisburg;08.08.1963;Husemann;Michael;Verkauf;C3;3220.00
0050;Viersen;07.03.1970;Pitas;Gabriela;Verkauf;C3;2750.00
0051;Krefeld;06.10.1977;Siegmann;Cornelia;Verkauf;C3;2780.00
0052;Viersen;05.05.1954;Boermann;Andreas;Verkauf;C3;2810.00
0053;Krefeld;04.12.1961;Bruhn;Herbert;Verkauf;C3;2840.00
0054;Krefeld;03.07.1968;Friedrichsen;Jutta;Verkauf;C3;2870.00
0055;Duisburg;02.02.1975;Gordon;Christopher;Verkauf;C3;2900.00
0056;Krefeld;01.09.1952;Harrison;Barbara;Verkauf;C3;2930.00
0057;Viersen;28.04.1959;Hartmann;Lothar;Verkauf;C3;2960.00
0058;Düsseldorf;27.11.1966;Murgia;Romolo;Verkauf;C3;2990.00
0059;Duisburg;26.06.1973;Schaeffer;Hans;Verkauf;C3;3020.00
0060;Viersen;25.01.1950;Schubert;Michael;Verkauf;C3;3050.00
0061;Krefeld;24.08.1957;Lauinger;Johannes;Verkauf;C3;3080.00
0062;Krefeld;23.03.1964;Berns;Martina;Verkauf;C3;3110.00
0063;Krefeld;22.10.1971;Hoffmann;Ruth;Verkauf;C3;3140.00
0064;Mönchengladbach;21.05.1978;Voigt;Eva;Verkauf;C3;3170.00
0065;Mönchengladbach;20.12.1955;Wispler;Caroline;Verkauf;C3;3200.00
0066;Duisburg;19.07.1962;Worm;Elke;Verkauf;C3;3230.00
0067;Mönchengladbach;18.02.1969;Gietz;Kurt;Verkauf;C3;2760.00
0068;Krefeld;17.09.1976;Stahl;Werner;Verkauf;C3;2790.00
0069;Viersen;16.04.1953;Teich;Ingrid;Verkauf;C3;2820.00
0070;Krefeld;15.11.1960;Müller;Gertrud;Verkauf;C3;2850.00
0071;Düsseldorf;14.06.1967;Wacker;Joachim;Verkauf;C3;2880.00
0072;Krefeld;13.01.1974;Dietrich;Michael;Verkauf;C3;2910.00
0073;Viersen;12.08.1951;Hägele;Herbert;Verkauf;C3;2940.00
0074;Viersen;11.03.1958;Poll;Dirk;Verkauf;C3;2970.00
0075;Krefeld;10.10.1965;Wild;Albrecht;Verkauf;C3;3000.00
0076;Krefeld;09.05.1972;Bostel;Hermann;Verkauf;C3;3030.00
0077;Krefeld;08.12.1979;Klemm;Heinrich;Verkauf;C3;3060.00
0078;Düsseldorf;07.07.1956;Klingler;Walther;Verkauf;C3;3090.00
0079;Mönchengladbach;06.02.1963;Kurz;Hermann;Verkauf;C3;3120.00
0080;Krefeld;05.09.1970;Scheel;Gerhard;Verkauf;C3;3150.00
0081;Mönchengladbach;04.04.1977;Siefert;Dorothee;Verkauf;C3;3180.00
0082;Viersen;03.11.1954;Breutner;Kurt;Verkauf;C3;3210.00
0083;Krefeld;02.06.1961;Fritz;Harald;Verkauf;C3;3240.00
0084;Krefeld;01.01.1968;Hartnagel;Klaus;Verkauf;C3;2770.00
0085;Krefeld;28.08.1975;Hirzel;Erich;Verkauf;C3;2800.00
0086;Krefeld;27.03.1952;Hirzel;Ulrich;Verkauf;C3;2830.00
0087;Krefeld;26.10.1959;Kos;Lidjia;Verkauf;C3;2860.00
0088;Viersen;25.05.1966;Seyfarth;Sebastian;Verkauf;C3;2890.00
0089;Mönchengladbach;24.12.1973;Wagner;Nikoline;Verkauf;C3;2920.00
0090;Duisburg;23.07.1950;Ehrecke;Karl-Heinz;Verkauf;C3;2950.00
0091;Duisburg;22.02.1957;Golka;Erika;Verkauf;C3;2980.00
0092;Krefeld;21.09.1964;Güller;Bernhard;Verkauf;C3;3010.00
0093;Krefeld;20.04.1971;Kopitzki;Florian;Verkauf;C3;3040.00
0094;Viersen;19.11.1978;Kopitzki;Georg;Verkauf;C3;3070.00
0095;Krefeld;18.06.1955;Lehmeier;Friedrich;Verkauf;C3;3100.00
0096;Krefeld;17.01.1962;Teichmann;Frank;Verkauf;C3;3130.00
0097;Mönchengladbach;16.08.1969;Handel;Werner;Verkauf;C3;3160.00
0098;Krefeld;15.03.1976;Dechau;Wilfried;Verkauf;C3;3190.00
0099;Krefeld;14.10.1953;Maier;Lothar;Verkauf;C3;3220.00
0100;Viersen;13.05.1960;Mühlbauer;Rudolf;Verkauf;C3;2750.00
0101;Düsseldorf;12.12.1967;Bohnet;Dieter;Verkauf;C3;2780.00
0102;Duisburg;11.07.1974;Breinig;Paul;Verkauf;C3;2810.00
0103;Krefeld;10.02.1951;Dieterich;Jörg;Verkauf;C3;2840.00
0104;Krefeld;09.09.1958;Hauf;Hans-Peter;Verkauf;C3;2870.00
0105;Viersen;08.04.1965;Hauf;Johann;Verkauf;C3;2900.00
0106;Krefeld;07.11.1972;Rothfuß;Annette;Verkauf;C3;2930.00
0107;Krefeld;06.06.1979;Kleinknecht;Martin;Verkauf;C3;2960.00
0108;Krefeld;05.01.1956;Daake;Gert;Verkauf;C3;2990.00
0109;Viersen;04.08.1963;Girgin;Muammer;Verkauf;C3;3020.00
0110;Viersen;03.03.1970;Schneider;Holger;Verkauf;C3;3050.00
0111;Viersen;02.10.1977;Weckmann;Erwin;Verkauf;C3;3080.00
0112;Krefeld;01.05.1954;Zischler;Karl;Verkauf;C3;3110.00
0113;Krefeld;28.12.1961;Bischof;Karin;Verkauf;C3;3140.00
0114;Duisburg;27.07.1968;Hugh;Murray;Verkauf;C3;3170.00
0115;Viersen;26.02.1975;Lederer;Eberhard;Verkauf;C3;3200.00
0116;Mönchengladbach;25.09.1952;Reiser;Ingeborg;Verkauf;C3;3230.00
0117;Krefeld;24.04.1959;Drüner;Ulrich;Verkauf;C3;2760.00
0118;Krefeld;23.11.1966;Hauer;Peter;Verkauf;C3;2790.00
0119;Krefeld;22.06.1973;Keller;Klaus-D.;Verkauf;C3;2820.00
0120;Krefeld;21.01.1950;Vetter;Ulrike;Verkauf;C3;2850.00
0121;Krefeld;20.08.1957;Beckner;David;Verkauf;C3;2880.00
0122;Mönchengladbach;19.03.1964;Gloger;Stefan;Verkauf;C3;2910.00
0123;Krefeld;18.10.1971;Pommerenke;Lele;Verkauf;C3;2940.00
0124;Krefeld;17.05.1978;Amesbury;Doris;Verkauf;C3;2970.00
0125;Duisburg;16.12.1955;Eiermann;Bernhard;Verkauf;C3;3000.00
0126;Krefeld;15.07.1962;Eiermann;Christina;Verkauf;C3;3030.00
0127;Krefeld;14.02.1969;Voglis;Nils;Verkauf;C3;3060.00
0128;Mönchengladbach;13.09.1976;Wagner;Franz;Verkauf;C3;3090.00
0129;Düsseldorf;12.04.1953;Jaser;Rolf;Verkauf;C3;3120.00
0130;Duisburg;11.11.1960;Sahin;Istvan;Verkauf;C3;3150.00
0131;Duisburg;10.06.1967;Mundorff;Christa;Verkauf;C3;3180.00
0132;Mönchengladbach;09.01.1974;Preuß;Werner;Verkauf;C3;3210.00
0133;Viersen;08.08.1951;Rosner;Klaus;Verkauf;C3;3240.00
0134;Mönchengladbach;07.03.1958;Freudigmann;Wolfgang;Verkauf;C3;2770.00
0135;Viersen;06.10.1965;Hönes;Reiner;Verkauf;C3;2800.00
0136;Krefeld;05.05.1972;Schuch;Werner;Verkauf;C3;2830.00
0137;Viersen;04.12.1979;Zeller;Alexander;Verkauf;C3;2860.00
0138;Mönchengladbach;03.07.1956;Sommer;Alexander;Verkauf;C3;2890.00
0139;Düsseldorf;02.02.1963;Sommer;Elke;Verkauf;C3;2920.00
0140;Mönchengladbach;01.09.1970;Bay;Ita;Verkauf;C3;2950.00
0141;Viersen;28.04.1977;Hemsted;Wendy;Verkauf;C3;2980.00
0142;Viersen;27.11.1954;Hinkelmann;Brigitte;Verkauf;C3;3010.00
0143;Krefeld;26.06.1961;Holzbaur;Sylvia;Verkauf;C3;3040.00
0144;Krefeld;25.01.1968;Krauth;Ria;Verkauf;C3;3070.00
0145;Düsseldorf;24.08.1975;Wiemann;Olaf;Verkauf;C3;3100.00
0146;Krefeld;23.03.1952;Krebber;Anke;Verkauf;C3;3130.00
0147;Krefeld;22.10.1959;Röhrig;Hans-Jürgen;Verkauf;C3;3160.00
0148;Krefeld;21.05.1966;Scheu;Adolf;Verkauf;C3;3190.00
0149;Düsseldorf;20.12.1973;Schwab;Robert;Verkauf;C3;3220.00
0150;Krefeld;19.07.1950;Staudt;Helmut;Verkauf;C3;2750.00
0151;Krefeld;18.02.1957;Donndorf;Michael;Verkauf;C3;2780.00
0152;Duisburg;17.09.1964;Donndorf;Wolf;Verkauf;C3;2810.00
0153;Krefeld;16.04.1971;Kirchner;Claudia;Verkauf;C3;2840.00
0154;Mönchengladbach;15.11.1978;Schreiner;Hans;Verkauf;C3;2870.00
0155;Duisburg;14.06.1955;Sehringer;Peter;Verkauf;C3;2900.00
0156;Krefeld;13.01.1962;Beck;Rolf;Verkauf;C3;2930.00
0157;Duisburg;12.08.1969;Esser;Albrecht;Verkauf;C3;2960.00
0158;Mönchengladbach;11.03.1976;Feil;Julian;Verkauf;C3;2990.00
0159;Krefeld;10.10.1953;Laudert;Achim;Verkauf;C3;3020.00
0160;Viersen;09.05.1960;Müller-Welt;Ruth;Verkauf;C3;3050.00
0161;Krefeld;08.12.1967;Riedel;Ulrich;Verkauf;C3;3080.00
0162;Krefeld;07.07.1974;Schramm;Freya;Verkauf;C3;3110.00
0163;Viersen;06.02.1951;Gratz;Kurt;Verkauf;C3;3140.00
0164;Krefeld;05.09.1958;Mutharja;Ashukama;Verkauf;C3;3170.00
0165;Düsseldorf;04.04.1965;Fritz;Peter;Verkauf;C3;3200.00
0166;Krefeld;03.11.1972;Nowak;Dieter;Verkauf;C3;3230.00
0167;Krefeld;02.06.1979;Cubuzio;Ciro;Verkauf;C3;2760.00
0168;Krefeld;01.01.1956;Eisele;Rolf;Verkauf;C3;2790.00
0169;Mönchengladbach;28.08.1963;Nicolini;Filippo;Verkauf;C3;2820.00
0170;Mönchengladbach;27.03.1970;Bonafede;Fabio;Verkauf;C3;2850.00
0171;Krefeld;26.10.1977;Goldschmid;Barbara;Verkauf;C3;2880.00
0172;Mönchengladbach;25.05.1954;Goldschmid;Karl;Verkauf;C3;2910.00
0173;Krefeld;24.12.1961;Gündogar;Hakki;Verkauf;C3;2940.00
0174;Duisburg;23.07.1968;Domscheidt;Bernhard;Verkauf;C3;2970.00
0175;Krefeld;22.02.1975;Löchele;Helmut;Verkauf;C3;3000.00
0176;Duisburg;21.09.1952;Martyniak;Günter;Verkauf;C3;3030.00
0177;Viersen;20.04.1959;Schimming;Tobias;Verkauf;C3;3060.00
0178;Mönchengladbach;19.11.1966;Schumann;Walter;Verkauf;C3;3090.00
0179;Düsseldorf;18.06.1973;Brandhueber;Andre;Verkauf;C3;3120.00
0180;Mönchengladbach;17.01.1950;Brandhueber;Roger;Verkauf;C3;3150.00
0181;Düsseldorf;16.08.1957;Dere;Ibrahim;Verkauf;C3;3180.00
0182;Krefeld;15.03.1964;Frech;Rainer;Verkauf;C3;3210.00
0183;Mönchengladbach;14.10.1971;Eisele;Klaus;Verkauf;C3;3240.00
0184;Duisburg;13.05.1978;Kanzian;Rudolf;Verkauf;C3;2770.00
0185;Krefeld;12.12.1955;Karipidou;Sonja;Verkauf;C3;2800.00
0186;Krefeld;11.07.1962;Kocijan;Anton;Verkauf;C3;2830.00
0187;Viersen;10.02.1969;Schliepe;Ursula;Verkauf;C3;2860.00
0188;Düsseldorf;09.09.1976;Schiefrer;Renate;Verkauf;C3;2890.00
0189;Düsseldorf;08.04.1953;Gündüz;Selami;Verkauf;C3;2920.00
0190;Mönchengladbach;07.11.1960;Schwarz;Hannelore;Verkauf;C3;2950.00
0191;Mönchengladbach;06.06.1967;Kaissoudis;Antonios;Verkauf;C3;2980.00
0192;Düsseldorf;05.01.1974;Weber;Michael;Verkauf;C3;3010.00
0193;Viersen;04.08.1951;Lang;Manfred;Verkauf;C3;3040.00
0194;Düsseldorf;03.03.1958;Widmann;Gerhard;Verkauf;C3;3070.00
0195;Mönchengladbach;02.10.1965;Greiner;Brigitte;Verkauf;C3;3100.00
0196;Krefeld;01.05.1972;Gross;Emil;Verkauf;C3;3130.00
0197;Viersen;28.12.1979;Gross;Reiner;Verkauf;C3;3160.00
0198;Krefeld;27.07.1956;Papoutsi;Christine-Maria;Verkauf;C3;3190.00
0199;Viersen;26.02.1963;Schön;Wolfgang;Verkauf;C3;3220.00
0200;Krefeld;25.09.1970;Baumeister;Ralph;Verkauf;C3;2750.00
0201;Mönchengladbach;24.04.1977;Eberspächer;Karl;Verkauf;C3;2780.00
0202;Viersen;23.11.1954;Schneider;Frank;Verkauf;C3;2810.00
0203;Düsseldorf;22.06.1961;Mohorko;Stanislav;Verkauf;C3;2840.00
0204;Krefeld;21.01.1968;Urac;Istvan;Verkauf;C3;2870.00
0205;Krefeld;20.08.1975;Schuntner;Gerda;Verkauf;C3;2900.00
0206;Krefeld;19.03.1952;Grljusic;Ivica;Verkauf;C3;2930.00
0207;Krefeld;18.10.1959;Ionescu;Daniel;Verkauf;C3;2960.00
0208;Krefeld;17.05.1966;Vogl;Sewasti;Verkauf;C3;2990.00
0209;Viersen;16.12.1973;Haag;Egon;Verkauf;C3;3020.00
0210;Krefeld;15.07.1950;Natanni;Arnaldo;Verkauf;C3;3050.00
0211;Düsseldorf;14.02.1957;Ulmer;Dieter;Verkauf;C3;3080.00
0212;Duisburg;13.09.1964;Bosch;Werner;Verkauf;C3;3110.00
0213;Mönchengladbach;12.04.1971;Eisele;Alexander;Verkauf;C3;3140.00
0214;Krefeld;11.11.1978;Müller;Oliver;Verkauf;C3;3170.00
0215;Krefeld;10.06.1955;Müller;Robert;Verkauf;C3;3200.00
0216;Mönchengladbach;09.01.1962;Bartsch;Sieglinde;Verkauf;C3;3230.00
0217;Krefeld;08.08.1969;Tasci;Osman;Verkauf;C3;2760.00
0218;Krefeld;07.03.1976;Grigoropulos;Konstadinos;Verkauf;C3;2790.00
0219;Mönchengladbach;06.10.1953;Mahler;Wilhelm;Verkauf;C3;2820.00
0220;Krefeld;05.05.1960;Ziegler;Peter;Verkauf;C3;2850.00
0221;Krefeld;04.12.1967;Ziegler;Ralf;Verkauf;C3;2880.00
0222;Krefeld;03.07.1974;Naucke;Lothar;Verkauf;C3;2910.00
0223;Mönchengladbach;02.02.1951;Bauer;Jürgen;Verkauf;C3;2940.00
0224;Krefeld;01.09.1958;Neunzlinger;Gabriele;Verkauf;C3;2970.00
0225;Düsseldorf;28.04.1965;Barth;Lore;Verkauf;C3;3000.00
0226;Mönchengladbach;27.11.1972;Bierwisch;Anita;Verkauf;C3;3030.00
0227;Viersen;26.06.1979;Grande;Armando;Verkauf;C3;3060.00
0228;Krefeld;25.01.1956;Grande;Clelia;Verkauf;C3;3090.00
0229;Krefeld;24.08.1963;Mutlu;Ali;Verkauf;C3;3120.00
0230;Mönchengladbach;23.03.1970;Nageswaran;Sinnar;Verkauf;C3;3150.00
0231;Duisburg;22.10.1977;Otto;Wolfgang;Direktion;A1;15800.00
0232;Düsseldorf;21.05.1954;Wildgrube;Erwin;Direktion;A1;5210.00
0233;Krefeld;20.12.1961;Wurst;Harald;Direktion;A1;5240.00
0234;Krefeld;19.07.1968;Pavusek;Josip;Direktion;A1;4770.00
0235;Mönchengladbach;18.02.1975;Herrmann;Hans-Peter;Entwicklung;C1;5200.00
0236;Krefeld;17.09.1952;Herrmann;Margarete;Entwicklung;C1;3630.00
0237;Duisburg;16.04.1959;Wieland;Erich;Entwicklung;C1;3660.00
0238;Krefeld;15.11.1966;Bosiljevac;Igor;Entwicklung;C1;3690.00
0239;Krefeld;14.06.1973;Christnacht;Günter;Entwicklung;C1;3720.00
0240;Krefeld;13.01.1950;Groß;Walter;Entwicklung;C1;3750.00
0241;Krefeld;12.08.1957;Plasa;Lutz;Entwicklung;C1;3780.00
0242;Mönchengladbach;11.03.1964;Rüeck;Christa;Entwicklung;C1;3810.00
0243;Mönchengladbach;10.10.1971;Steinert;Erna;Entwicklung;C1;3840.00
0244;Krefeld;09.05.1978;Steinmetz;Frank;Entwicklung;C1;3870.00
0245;Düsseldorf;08.12.1955;Seidler;Günther;Entwicklung;C1;3900.00
0246;Krefeld;07.07.1962;Avrionidis;Dimitrios;Entwicklung;C1;3930.00
0247;Düsseldorf;06.02.1969;Bismar;Joachim;Entwicklung;C1;3960.00
0248;Duisburg;05.09.1976;Engler;Ilona;Entwicklung;C1;3990.00
0249;Krefeld;04.04.1953;Hodzic;Mustafa;Entwicklung;C1;4020.00
0250;Krefeld;03.11.1960;Koopmann;Rudolf;Entwicklung;C1;3550.00
0251;Krefeld;02.06.1967;Lütticken;Franz;Entwicklung;C1;3580.00
0252;Viersen;01.01.1974;Scherdel;Frank;Entwicklung;C1;3610.00
0253;Krefeld;28.08.1951;Janke;Alexander;Entwicklung;C1;3640.00
0254;Düsseldorf;27.03.1958;Janke;Lotte;Entwicklung;C1;3670.00
0255;Mönchengladbach;26.10.1965;Schmidhäuser;Marianne;Entwicklung;C1;3700.00
0256;Krefeld;25.05.1972;Bachmann;Fritz;Entwicklung;C1;3730.00
0257;Mönchengladbach;24.12.1979;Bachmann;Gerd;Entwicklung;C1;3760.00
0258;Mönchengladbach;23.07.1956;Dittrich;Jens;Entwicklung;C1;3790.00
0259;Krefeld;22.02.1963;Maier;Sigrid;Entwicklung;C1;3820.00
0260;Krefeld;21.09.1970;Tolj;Nikola;Entwicklung;C1;3850.00
0261;Krefeld;20.04.1977;Grußendorf;Heinz;Entwicklung;C1;3880.00
0262;Krefeld;19.11.1954;Hilkert;Uwe;Entwicklung;C1;3910.00
0263;Krefeld;18.06.1961;Sichler;Heinz;Entwicklung;C1;3940.00
0264;Krefeld;17.01.1968;Kruse;Eugen;Entwicklung;C1;3970.00
0265;Mönchengladbach;16.08.1975;Schick;Elfriede;Entwicklung;C1;4000.00
0266;Krefeld;15.03.1952;Schleicher;Bernd;Entwicklung;C1;4030.00
0267;Krefeld;14.10.1959;Honoré;Hans;Entwicklung;C1;3560.00
0268;Duisburg;13.05.1966;Kyriakos;Trassiwulos;Entwicklung;C1;3590.00
0269;Krefeld;12.12.1973;Strauß;Heinrich;Entwicklung;C1;3620.00
0270;Krefeld;11.07.1950;Baisch;Eugen;Entwicklung;C1;3650.00
0271;Krefeld;10.02.1957;Klein;Alfons;Entwicklung;C1;3680.00
0272;Duisburg;09.09.1964;Lautenschlager;Ruth-Elke;Entwicklung;C1;3710.00
0273;Düsseldorf;08.04.1971;Mädinger;Irmgard;Entwicklung;C1;3740.00
0274;Düsseldorf;07.11.1978;Steißlinger;Bernd;Entwicklung;C1;3770.00
0275;Mönchengladbach;06.06.1955;Lovkidis;Sofia;Entwicklung;C1;3800.00
0276;Krefeld;05.01.1962;Münderle;Eugen;Entwicklung;C1;3830.00
0277;Krefeld;04.08.1969;Zissis;Charisiddis;Entwicklung;C1;3860.00
0278;Krefeld;03.03.1976;Mayer;Fritz;Entwicklung;C1;3890.00
0279;Krefeld;02.10.1953;Wörner;Ulrike;Entwicklung;C1;3920.00
0280;Viersen;01.05.1960;Frech;Wolfgang;Entwicklung;C1;3950.00
0281;Düsseldorf;28.12.1967;Sinan;Recep;Entwicklung;C1;3980.00
0282;Duisburg;27.07.1974;Dennelar;Marko;Entwicklung;C1;4010.00
0283;Krefeld;26.02.1951;Denneler;Ewald;Entwicklung;C1;4040.00
0284;Mönchengladbach;25.09.1958;Bachmann;Thomas;Entwicklung;C1;3570.00
0285;Düsseldorf;24.04.1965;Schäfer;Paul;Entwicklung;C1;3600.00
0286;Mönchengladbach;23.11.1972;Geist;Kerstin;Entwicklung;C1;3630.00
0287;Duisburg;22.06.1979;Hühmöller;Egwina;Entwicklung;C1;3660.00
0288;Viersen;21.01.1956;Labusga;Helmut;Entwicklung;C1;3690.00
0289;Krefeld;20.08.1963;Stauch;Friedrich;Entwicklung;C1;3720.00
0290;Krefeld;19.03.1970;Bauer;Helmut;Entwicklung;C1;3750.00
0291;Krefeld;18.10.1977;Jauch;Eugen;Entwicklung;C1;3780.00
0292;Krefeld;17.05.1954;Schmidt;Udo;Entwicklung;C1;3810.00
0293;Krefeld;16.12.1961;Voss;Eberhard;Entwicklung;C1;3840.00
0294;Krefeld;15.07.1968;Mayer;Hans;Entwicklung;C1;3870.00
0295;Duisburg;14.02.1975;Koch;Wolfgang;Entwicklung;C1;3900.00
0296;Viersen;13.09.1952;Claar;Günther;Entwicklung;C1;3930.00
0297;Viersen;12.04.1959;Claar;Willy;Entwicklung;C1;3960.00
0298;Krefeld;11.11.1966;Jutzeler;Manfred;Entwicklung;C1;3990.00
0299;Krefeld;10.06.1973;Schwinger;Christian;Entwicklung;C1;4020.00
0300;Krefeld;09.01.1950;Schwinger;Ferdinand;Entwicklung;C1;3550.00
0301;Krefeld;08.08.1957;Bacher;Georg;Entwicklung;C1;3580.00
0302;Duisburg;07.03.1964;Cafuta;Anton;Entwicklung;C1;3610.00
0303;Viersen;06.10.1971;Baumann;Nina;Entwicklung;C1;3640.00
0304;Mönchengladbach;05.05.1978;Besir;Arslan;Entwicklung;C1;3670.00
0305;Krefeld;04.12.1955;Deutsch;Karl;Entwicklung;C1;3700.00
0306;Mönchengladbach;03.07.1962;Faltenbacher;Josef;Entwicklung;C1;3730.00
0307;Krefeld;02.02.1969;Jara;Wladimir;Entwicklung;C1;3760.00
0308;Krefeld;01.09.1976;Paczko;Grazyna;Entwicklung;C1;3790.00
0309;Mönchengladbach;28.04.1953;Schubert;Diana;Entwicklung;C1;3820.00
0310;Viersen;27.11.1960;Strnad;Anton;Entwicklung;C1;3850.00
0311;Mönchengladbach;26.06.1967;Goce;Constantin;Entwicklung;C1;3880.00
0312;Düsseldorf;25.01.1974;Krawezyk;Helga-Maria;Entwicklung;C1;3910.00
0313;Krefeld;24.08.1951;Mayenberger;Hermann;Entwicklung;C1;3940.00
0314;Krefeld;23.03.1958;Moser;Ella;Entwicklung;C1;3970.00
0315;Mönchengladbach;22.10.1965;Pittner;Anton;Entwicklung;C1;4000.00
0316;Mönchengladbach;21.05.1972;Reitenbach;Karl;Entwicklung;C1;4030.00
0317;Krefeld;20.12.1979;Riha;Lore;Entwicklung;C1;3560.00
0318;Mönchengladbach;19.07.1956;Schaffert;Frieda;Entwicklung;C1;3590.00
0319;Krefeld;18.02.1963;Schwarzjirg;Pauline;Entwicklung;C1;3620.00
0320;Krefeld;17.09.1970;Tuchel;Lucia;Entwicklung;C1;3650.00
0321;Krefeld;16.04.1977;Ortlieb;Horst;Entwicklung;C1;3680.00
0322;Mönchengladbach;15.11.1954;Gebhardt;Axel;Entwicklung;C1;3710.00
0323;Mönchengladbach;14.06.1961;Behles;Hans;Entwicklung;C1;3740.00
0324;Mönchengladbach;13.01.1968;Baumann;Gertrud;Entwicklung;C1;3770.00
0325;Krefeld;12.08.1975;Carvalhido;Luis;Entwicklung;C1;3800.00
0326;Düsseldorf;11.03.1952;Kahlmeier;Claudia;Entwicklung;C1;3830.00
0327;Krefeld;10.10.1959;Pfrommer;Gustav;Entwicklung;C1;3860.00
0328;Duisburg;09.05.1966;Munz;Ralph;Entwicklung;C1;3890.00
0329;Viersen;08.12.1973;Weiss;Eberhard;Entwicklung;C1;3920.00
0330;Krefeld;07.07.1950;Weiß;Gerhard;Entwicklung;C1;3950.00
0331;Krefeld;06.02.1957;Weiss;Reinhold;Entwicklung;C1;3980.00
0332;Düsseldorf;05.09.1964;Klink;Ute;Entwicklung;C1;4010.00
0333;Duisburg;04.04.1971;Weiss;Ulrich;Personal;B2;4500.00
0334;Düsseldorf;03.11.1978;Hermenau;Beate;Personal;B2;1970.00
0335;Duisburg;02.06.1955;Reissmann;Matthias;Personal;B2;2000.00
0336;Viersen;01.01.1962;Wießner;Steffen;Personal;B2;2030.00
0337;Krefeld;28.08.1969;Barone;Aurora;Personal;B2;2060.00
0338;Krefeld;27.03.1976;Helmreich;Bernd;Personal;B2;2090.00
0339;Duisburg;26.10.1953;Hrlic;Cilian;Personal;B2;2120.00
0340;Düsseldorf;25.05.1960;Rott;Wolfgang;Personal;B2;2150.00
0341;Mönchengladbach;24.12.1967;Weinmann;Joachim;Personal;B2;2180.00
0342;Krefeld;23.07.1974;Betz;Helmut;Personal;B2;2210.00
0343;Krefeld;22.02.1951;Clauß;Erwin;Produktion;C2;5100.00
0344;Krefeld;21.09.1958;Rasch;Anton;Produktion;C2;1570.00
0345;Krefeld;20.04.1965;Revilla;Jose;Produktion;C2;1600.00
0346;Krefeld;19.11.1972;Fideler;Irmgard;Produktion;C2;1630.00
0347;Krefeld;18.06.1979;Fideler;Lothar;Produktion;C2;1660.00
0348;Krefeld;17.01.1956;Kropf;Bruno;Produktion;C2;1690.00
0349;Krefeld;16.08.1963;Schlemminger;Horst;Produktion;C2;1720.00
0350;Krefeld;15.03.1970;Fastnacht;Richard;Produktion;C2;1250.00
0351;Krefeld;14.10.1977;Hafner;Walter;Produktion;C2;1280.00
0352;Krefeld;13.05.1954;Schneider;Maike;Produktion;C2;1310.00
0353;Duisburg;12.12.1961;Graf;Madeleine;Produktion;C2;1340.00
0354;Düsseldorf;11.07.1968;Klepzig;Ida;Produktion;C2;1370.00
0355;Mönchengladbach;10.02.1975;Kilpper;Erwin;Produktion;C2;1400.00
0356;Düsseldorf;09.09.1952;Sannwald;Werner;Produktion;C2;1430.00
0357;Mönchengladbach;08.04.1959;Bauer;Doris;Produktion;C2;1460.00
0358;Krefeld;07.11.1966;Höper;Wolfgang;Produktion;C2;1490.00
0359;Düsseldorf;06.06.1973;Kimmerle;Bernd;Produktion;C2;1520.00
0360;Krefeld;05.01.1950;Kimmerle;Rolf;Produktion;C2;1550.00
0361;Viersen;04.08.1957;Kimmerle;Udo;Produktion;C2;1580.00
0362;Krefeld;03.03.1964;Lienow;Heinrich;Produktion;C2;1610.00
0363;Mönchengladbach;02.10.1971;Schuler;Andreas;Produktion;C2;1640.00
0364;Duisburg;01.05.1978;Baravalle;Norberto;Produktion;C2;1670.00
0365;Krefeld;28.12.1955;Silberberger;Martin;Produktion;C2;1700.00
0366;Duisburg;27.07.1962;Vogler;Andreas;Produktion;C2;1730.00
0367;Viersen;26.02.1969;Dambacher;Bernd;Produktion;C2;1260.00
0368;Mönchengladbach;25.09.1976;Spelda;Jörg;Produktion;C2;1290.00
0369;Viersen;24.04.1953;Silberberger;Albrecht;Produktion;C2;1320.00
0370;Düsseldorf;23.11.1960;Silberberger;Gerhard;Produktion;C2;1350.00
0371;Mönchengladbach;22.06.1967;Antritter;Oskar;Produktion;C2;1380.00
0372;Krefeld;21.01.1974;Fischer;Frank;Produktion;C2;1410.00
0373;Krefeld;20.08.1951;Keinert;Rudolf;Produktion;C2;1440.00
0374;Krefeld;19.03.1958;Eisenbraun;Wolfgang;Produktion;C2;1470.00
0375;Krefeld;18.10.1965;Fäller;Berta;Produktion;C2;1500.00
0376;Krefeld;17.05.1972;Lind;Thomas;Produktion;C2;1530.00
0377;Krefeld;16.12.1979;Wein;Willy;Produktion;C2;1560.00
0378;Viersen;15.07.1956;Böckle;Martin;Produktion;C2;1590.00
0379;Viersen;14.02.1963;Denneler;Otto;Produktion;C2;1620.00
0380;Viersen;13.09.1970;Kuntze;Rudolf;Produktion;C2;1650.00
0381;Mönchengladbach;12.04.1977;Dietrich;Johann;Produktion;C2;1680.00
0382;Duisburg;11.11.1954;Gaag;Ulrich;Produktion;C2;1710.00
0383;Krefeld;10.06.1961;Ade;Hartmut;Produktion;C2;1740.00
0384;Viersen;09.01.1968;Binder;Andreas;Produktion;C2;1270.00
0385;Duisburg;08.08.1975;Laukhuf;Kornelius;Produktion;C2;1300.00
0386;Krefeld;07.03.1952;Ortlieb;Ernst;Produktion;C2;1330.00
0387;Krefeld;06.10.1959;Post;Frank;Produktion;C2;1360.00
0388;Duisburg;05.05.1966;Anguita;Valentin;Produktion;C2;1390.00
0389;Krefeld;04.12.1973;Benz;Annette;Produktion;C2;1420.00
0390;Krefeld;03.07.1950;Schwarz;Josef;Produktion;C2;1450.00
0391;Mönchengladbach;02.02.1957;Schlegel;Hans;Produktion;C2;1480.00
0392;Düsseldorf;01.09.1964;Fingerle;Albert;Produktion;C2;1510.00
0393;Krefeld;28.04.1971;Huttenlocher;Ruth;Produktion;C2;1540.00
0394;Krefeld;27.11.1978;Ruckdäschel;Frank;Produktion;C2;1570.00
0395;Düsseldorf;26.06.1955;Seybold;Erich;Produktion;C2;1600.00
0396;Krefeld;25.01.1962;Stepper;Karlheinz;Produktion;C2;1630.00
0397;Düsseldorf;24.08.1969;Röcker;Roland;Produktion;C2;1660.00
0398;Krefeld;23.03.1976;Akbulut;Mahmut;Produktion;C2;1690.00
0399;Düsseldorf;22.10.1953;Fäller;Rolf;Produktion;C2;1720.00
0400;Krefeld;21.05.1960;Ciminna;Giuseppe;Produktion;C2;1250.00
0401;Düsseldorf;20.12.1967;Kleemann;Johannes;Produktion;C2;1280.00
0402;Düsseldorf;19.07.1974;Reichle;Martin;Produktion;C2;1310.00
0403;Krefeld;18.02.1951;Sekler;Stefan;Produktion;C2;1340.00
0404;Krefeld;17.09.1958;Braun;Selma;Produktion;C2;1370.00
0405;Krefeld;16.04.1965;Braun;Tibor;Produktion;C2;1400.00
0406;Mönchengladbach;15.11.1972;Dettling;Rolf-Hans;Produktion;C2;1430.00
0407;Krefeld;14.06.1979;Fehm;Eckhard;Produktion;C2;1460.00
0408;Krefeld;13.01.1956;Schahl;Elke;Produktion;C2;1490.00
0409;Krefeld;12.08.1963;Seyfarth;Hans-Jürgen;Produktion;C2;1520.00
0410;Krefeld;11.03.1970;Seyfarth;Hans-Peter;Produktion;C2;1550.00
0411;Viersen;10.10.1977;Bössler;Dieter;Produktion;C2;1580.00
0412;Krefeld;09.05.1954;Leiter;Josef;Produktion;C2;1610.00
0413;Krefeld;08.12.1961;Pape;Otto;Produktion;C2;1640.00
0414;Krefeld;07.07.1968;Roth;Kristin;Produktion;C2;1670.00
0415;Mönchengladbach;06.02.1975;Schmid;Heribert;Produktion;C2;1700.00
0416;Krefeld;05.09.1952;Woock;Arnulf;Produktion;C2;1730.00
0417;Düsseldorf;04.04.1959;Höllfritzsch;Thomas;Produktion;C2;1260.00
0418;Krefeld;03.11.1966;Eberspächer;Günther;Produktion;C2;1290.00
0419;Viersen;02.06.1973;Pressel;Wolfgang;Produktion;C2;1320.00
0420;Krefeld;01.01.1950;Canterburry;Joe;Produktion;C2;1350.00
0421;Mönchengladbach;28.08.1957;Riedel;Joachim;Produktion;C2;1380.00
0422;Krefeld;27.03.1964;Kaewel;Elsa;Produktion;C2;1410.00
0423;Krefeld;26.10.1971;Oprea;Gerlinde;Produktion;C2;1440.00
0424;Viersen;25.05.1978;Walter;Elisabeth;Produktion;C2;1470.00
0425;Krefeld;24.12.1955;Konetzny;Hans;Produktion;C2;1500.00
0426;Krefeld;23.07.1962;Steffens;Roland;Produktion;C2;1530.00
0427;Krefeld;22.02.1969;Boger;Helmuth;Produktion;C2;1560.00
0428;Viersen;21.09.1976;Boger;Werner;Produktion;C2;1590.00
0429;Mönchengladbach;20.04.1953;Dannenhauer;Erwin;Produktion;C2;1620.00
0430;Krefeld;19.11.1960;Lempidis;Georgios;Produktion;C2;1650.00
0431;Düsseldorf;18.06.1967;Domin;Karin;Produktion;C2;1680.00
0432;Krefeld;17.01.1974;Kircher;Annegret;Produktion;C2;1710.00
0433;Krefeld;16.08.1951;Kircher;Willi;Produktion;C2;1740.00
0434;Viersen;15.03.1958;Baier;Werner;Produktion;C2;1270.00
0435;Viersen;14.10.1965;Hoffmann;Carmen;Produktion;C2;1300.00
0436;Krefeld;13.05.1972;Langer;Dariusz;Produktion;C2;1330.00
0437;Krefeld;12.12.1979;Becht;Theo;Produktion;C2;1360.00
0438;Mönchengladbach;11.07.1956;Puschmann;Margit;Produktion;C2;1390.00
0439;Krefeld;10.02.1963;Kropf;Hugo;Produktion;C2;1420.00
0440;Düsseldorf;09.09.1970;Sieger;Kurt;Produktion;C2;1450.00
0441;Mönchengladbach;08.04.1977;Klink;Ernst;Produktion;C2;1480.00
0442;Krefeld;07.11.1954;Fritsch;Heinz;Produktion;C2;1510.00
0443;Krefeld;06.06.1961;Geiges;Kurt;Produktion;C2;1540.00
0444;Krefeld;05.01.1968;Hirzel;Manfred;Produktion;C2;1570.00
0445;Krefeld;04.08.1975;Horvat;Stanislav;Produktion;C2;1600.00
0446;Krefeld;03.03.1952;Klein;Thomas;Produktion;C2;1630.00
0447;Krefeld;02.10.1959;Kochendörfer;Rainer;Produktion;C2;1660.00
0448;Viersen;01.05.1966;Schausberger;Rudolf;Produktion;C2;1690.00
0449;Mönchengladbach;28.12.1973;Stauffert;Julius;Produktion;C2;1720.00
0450;Duisburg;27.07.1950;Stegbauer;Franz;Produktion;C2;1250.00
0451;Krefeld;26.02.1957;Stegbauer;Ralf;Produktion;C2;1280.00
0452;Krefeld;25.09.1964;Tomic;Drazen;Produktion;C2;1310.00
0453;Krefeld;24.04.1971;Hetzel;Arthur;Produktion;C2;1340.00
0454;Mönchengladbach;23.11.1978;Rehm;Michael;Produktion;C2;1370.00
0455;Mönchengladbach;22.06.1955;Schiebli;Theresia;Produktion;C2;1400.00
0456;Düsseldorf;21.01.1962;Müller;Albrecht;Produktion;C2;1430.00
0457;Mönchengladbach;20.08.1969;Clausner;Guido;Produktion;C2;1460.00
0458;Krefeld;19.03.1976;Kurrle;Hans-Peter;Produktion;C2;1490.00
0459;Viersen;18.10.1953;Schroff;Karl-Heinz;Produktion;C2;1520.00
0460;Mönchengladbach;17.05.1960;Bantleon;Ulrich;Produktion;C2;1550.00
0461;Mönchengladbach;16.12.1967;Dobler;Martin;Produktion;C2;1580.00
0462;Krefeld;15.07.1974;Herrgesell;Günter;Produktion;C2;1610.00
0463;Krefeld;14.02.1951;Jonas;Peter;Produktion;C2;1640.00
0464;Düsseldorf;13.09.1958;Mahr;Erich;Produktion;C2;1670.00
0465;Viersen;12.04.1965;Riedel;Ernst;Produktion;C2;1700.00
0466;Krefeld;11.11.1972;Röhm;Michael;Produktion;C2;1730.00
0467;Krefeld;10.06.1979;Vollmer;Alois;Produktion;C2;1260.00
0468;Mönchengladbach;09.01.1956;Aichinger;Erwin;Produktion;C2;1290.00
0469;Viersen;08.08.1963;Aichinger;Peter;Produktion;C2;1320.00
0470;Viersen;07.03.1970;Geipel;Rolf;Produktion;C2;1350.00
0471;Krefeld;06.10.1977;Blank;Iris;Produktion;C2;1380.00
0472;Krefeld;05.05.1954;Lebrecht;Carl;Produktion;C2;1410.00
0473;Krefeld;04.12.1961;Herrmann;Horst;Produktion;C2;1440.00
0474;Krefeld;03.07.1968;Andexer;Elisabeth;Produktion;C2;1470.00
0475;Krefeld;02.02.1975;Bihler;Heinrich;Produktion;C2;1500.00
0476;Düsseldorf;01.09.1952;Fiedler;Thomas;Produktion;C2;1530.00
0477;Mönchengladbach;28.04.1959;Skorupa;Gabriele;Produktion;C2;1560.00
0478;Duisburg;27.11.1966;Skorupa;Joachim;Produktion;C2;1590.00
0479;Krefeld;26.06.1973;Stern;Günter;Produktion;C2;1620.00
0480;Duisburg;25.01.1950;Back;Karl-Heinz;Produktion;C2;1650.00
0481;Krefeld;24.08.1957;Ruoff;Monika;Produktion;C2;1680.00
0482;Mönchengladbach;23.03.1964;Sommer;Peter;Produktion;C2;1710.00
0483;Düsseldorf;22.10.1971;Grunert;Joachim;Produktion;C2;1740.00
0484;Düsseldorf;21.05.1978;Stütz;Andrea;Produktion;C2;1270.00
0485;Mönchengladbach;20.12.1955;Stütz;Eberhard;Produktion;C2;1300.00
0486;Krefeld;19.07.1962;Häger;Gotthilf;Produktion;C2;1330.00
0487;Krefeld;18.02.1969;Maier;Bernd;Produktion;C2;1360.00
0488;Krefeld;17.09.1976;Seessle;Doris;Produktion;C2;1390.00
0489;Krefeld;16.04.1953;Fecker;Klaus;Produktion;C2;1420.00
0490;Viersen;15.11.1960;Fürnhaber;Dieter;Produktion;C2;1450.00
0491;Krefeld;14.06.1967;Hildebrand;Andreas;Produktion;C2;1480.00
0492;Krefeld;13.01.1974;Silberberger;Jürgen;Produktion;C2;1510.00
0493;Mönchengladbach;12.08.1951;Funke-Franz;Andrea;Produktion;C2;1540.00
0494;Duisburg;11.03.1958;Getreuer;Herbert;Produktion;C2;1570.00
0495;Mönchengladbach;10.10.1965;Janz;Otto;Produktion;C2;1600.00
0496;Düsseldorf;09.05.1972;Münzmay;Ruth;Produktion;C2;1630.00
0497;Krefeld;08.12.1979;Tomljanovic;Zvonimir;Produktion;C2;1660.00
0498;Düsseldorf;07.07.1956;Weller;Otto;Produktion;C2;1690.00
0499;Mönchengladbach;06.02.1963;Bayer;Gerald;Produktion;C2;1720.00
0500;Krefeld;05.09.1970;Grandy;Klaus;Produktion;C2;1250.00
0501;Krefeld;04.04.1977;Grandy;Werner;Produktion;C2;1280.00
0502;Krefeld;03.11.1954;Leidig;Helmut;Produktion;C2;1310.00
0503;Krefeld;02.06.1961;Schorp;Elmar;Produktion;C2;1340.00
0504;Mönchengladbach;01.01.1968;Blüthgen;Thomas;Produktion;C2;1370.00
0505;Mönchengladbach;28.08.1975;Kögel;Monika;Produktion;C2;1400.00
0506;Krefeld;27.03.1952;Krauter;Rolf;Produktion;C2;1430.00
0507;Düsseldorf;26.10.1959;Maas;Sabine;Produktion;C2;1460.00
0508;Krefeld;25.05.1966;Rössner;Thomas;Produktion;C2;1490.00
0509;Krefeld;24.12.1973;Binder-Kluge;Evi;Produktion;C2;1520.00
0510;Krefeld;23.07.1950;Göbel;Elisabeth;Produktion;C2;1550.00
0511;Krefeld;22.02.1957;Knorr;Manfred;Produktion;C2;1580.00
0512;Düsseldorf;21.09.1964;Staib;Werner;Produktion;C2;1610.00
0513;Duisburg;20.04.1971;Matthies;Eckhard;Produktion;C2;1640.00
0514;Viersen;19.11.1978;Matthies;Waltraud;Produktion;C2;1670.00
0515;Düsseldorf;18.06.1955;Beyer;Anneliese;Produktion;C2;1700.00
0516;Krefeld;17.01.1962;Borowiack;Fred;Produktion;C2;1730.00
0517;Krefeld;16.08.1969;Eiler;Josef;Produktion;C2;1260.00
0518;Krefeld;15.03.1976;Haluzan;Boris;Produktion;C2;1290.00
0519;Viersen;14.10.1953;Jurlaro;Domenico;Produktion;C2;1320.00
0520;Krefeld;13.05.1960;Szawinski;Harald;Produktion;C2;1350.00
0521;Mönchengladbach;12.12.1967;Jordan;Manfred;Produktion;C2;1380.00
0522;Krefeld;11.07.1974;Niehoff;Wolfgang;Produktion;C2;1410.00
0523;Krefeld;10.02.1951;Scheffold;Andreas;Produktion;C2;1440.00
0524;Krefeld;09.09.1958;Senghass;Jolanda;Produktion;C2;1470.00
0525;Viersen;08.04.1965;Fingerle;Gerhard;Produktion;C2;1500.00
0526;Krefeld;07.11.1972;Münzmay;Kurt;Produktion;C2;1530.00
0527;Krefeld;06.06.1979;Allgaier;Rolf;Produktion;C2;1560.00
0528;Mönchengladbach;05.01.1956;Rauschnabel;Gerhard;Produktion;C2;1590.00
0529;Düsseldorf;04.08.1963;Rettenmaier;Helmut;Produktion;C2;1620.00
0530;Düsseldorf;03.03.1970;Rettenmaier;Jan;Produktion;C2;1650.00
0531;Düsseldorf;02.10.1977;Prewo;Charlotte;Produktion;C2;1680.00
0532;Krefeld;01.05.1954;Prewo;Erwin;Produktion;C2;1710.00
0533;Krefeld;28.12.1961;Mattes;Stefan;Produktion;C2;1740.00
0534;Viersen;27.07.1968;Mattes;Thomas;Produktion;C2;1270.00
0535;Viersen;26.02.1975;Gaiß;Peter;Produktion;C2;1300.00
0536;Krefeld;25.09.1952;Stoiber;Karl;Produktion;C2;1330.00
0537;Krefeld;24.04.1959;Joos;Karlheinz;Produktion;C2;1360.00
0538;Viersen;23.11.1966;Weinhold;Ulrike;Produktion;C2;1390.00
0539;Mönchengladbach;22.06.1973;Fischer;Werner;Produktion;C2;1420.00
0540;Krefeld;21.01.1950;Maier;Martin;Produktion;C2;1450.00
0541;Mönchengladbach;20.08.1957;Rother;Rainer;Produktion;C2;1480.00
0542;Düsseldorf;19.03.1964;Lampropoulos;Ursula;Produktion;C2;1510.00
0543;Krefeld;18.10.1971;Prewo;Willy;Produktion;C2;1540.00
0544;Viersen;17.05.1978;Hofrichter;Petra;Produktion;C2;1570.00
0545;Düsseldorf;16.12.1955;Schraffenberger;Edith;Produktion;C2;1600.00
0546;Viersen;15.07.1962;Kurrle;Hermann;Produktion;C2;1630.00
0547;Krefeld;14.02.1969;Papaniuolaoa;Efstratios;Produktion;C2;1660.00
0548;Krefeld;13.09.1976;Diaz;Bernardo;Produktion;C2;1690.00
0549;Krefeld;12.04.1953;Wagenmann;Adolf;Produktion;C2;1720.00
0550;Krefeld;11.11.1960;Brkljacic;Milorad;Produktion;C2;1250.00
0551;Krefeld;10.06.1967;Leslie;Andrew;Produktion;C2;1280.00
0552;Krefeld;09.01.1974;Seitz;Linda;Produktion;C2;1310.00
0553;Viersen;08.08.1951;Dambach;Ellen;Produktion;C2;1340.00
0554;Viersen;07.03.1958;Neumann;Eduard;Produktion;C2;1370.00
0555;Krefeld;06.10.1965;Engelhardt;Erika;Produktion;C2;1400.00
0556;Duisburg;05.05.1972;Schlotterbeck;Karin;Produktion;C2;1430.00
0557;Krefeld;04.12.1979;Schlotterbeck;Rolf;Produktion;C2;1460.00
0558;Duisburg;03.07.1956;Fischer;Marga;Produktion;C2;1490.00
0559;Krefeld;02.02.1963;Linkenheil;Kurt;Produktion;C2;1520.00
0560;Krefeld;01.09.1970;Minzenmay;Andreas;Produktion;C2;1550.00
0561;Düsseldorf;28.04.1977;Gerst;Elisabeth;Produktion;C2;1580.00
0562;Krefeld;27.11.1954;Lukas;Uwe;Produktion;C2;1610.00
0563;Duisburg;26.06.1961;Dolotko;Sonja;Produktion;C2;1640.00
0564;Krefeld;25.01.1968;Bubeck;Otto;Produktion;C2;1670.00
0565;Duisburg;24.08.1975;Eyth;Hedwig;Produktion;C2;1700.00
0566;Viersen;23.03.1952;Haug;Jochen;Produktion;C2;1730.00
0567;Mönchengladbach;22.10.1959;Noack;Elisabeth;Produktion;C2;1260.00
0568;Krefeld;21.05.1966;Rein;Martina;Produktion;C2;1290.00
0569;Krefeld;20.12.1973;Schmidt;Heinz;Produktion;C2;1320.00
0570;Mönchengladbach;19.07.1950;Huber;Eugen;Produktion;C2;1350.00
0571;Krefeld;18.02.1957;Mayer;Ralf;Produktion;C2;1380.00
0572;Düsseldorf;17.09.1964;Dippold;Karlheinz;Produktion;C2;1410.00
0573;Mönchengladbach;16.04.1971;Schnack;Roland;Produktion;C2;1440.00
0574;Krefeld;15.11.1978;Gütler-Ungerer;Claus;Produktion;C2;1470.00
0575;Mönchengladbach;14.06.1955;Peukert;Martin;Produktion;C2;1500.00
0576;Düsseldorf;13.01.1962;Schöpfer;Rolf;Produktion;C2;1530.00
0577;Mönchengladbach;12.08.1969;Brenner;Dieter;Produktion;C2;1560.00
0578;Krefeld;11.03.1976;Kelber;Miriam;Produktion;C2;1590.00
0579;Mönchengladbach;10.10.1953;Werz;Hans;Produktion;C2;1620.00
0580;Düsseldorf;09.05.1960;Bröcker;Hans-Joachim;Produktion;C2;1650.00
0581;Krefeld;08.12.1967;Knauß;Otto;Produktion;C2;1680.00
0582;Krefeld;07.07.1974;Meisel;Thomas;Produktion;C2;1710.00
0583;Krefeld;06.02.1951;Müller;Alexander;Produktion;C2;1740.00
0584;Mönchengladbach;05.09.1958;Prewo;Roland;Produktion;C2;1270.00
0585;Düsseldorf;04.04.1965;Brenner;Joachim;Produktion;C2;1300.00
0586;Düsseldorf;03.11.1972;Steckel;Rolf;Produktion;C2;1330.00
0587;Krefeld;02.06.1979;Daur;Karin;Produktion;C2;1360.00
0588;Düsseldorf;01.01.1956;Mohr;Doris;Produktion;C2;1390.00
0589;Krefeld;28.08.1963;Mohr;Erhard;Produktion;C2;1420.00
0590;Duisburg;27.03.1970;Beck;Eugen;Produktion;C2;1450.00
0591;Viersen;26.10.1977;Winter;Heinrich;Produktion;C2;1480.00
0592;Viersen;25.05.1954;Reber;Udo;Produktion;C2;1510.00
0593;Düsseldorf;24.12.1961;Strotbek;Dieter;Produktion;C2;1540.00
0594;Duisburg;23.07.1968;Krämer;Joachim;Produktion;C2;1570.00
0595;Krefeld;22.02.1975;Linkohr;Christel;Produktion;C2;1600.00
0596;Krefeld;21.09.1952;Rott;Martin;Produktion;C2;1630.00
0597;Duisburg;20.04.1959;Masek;Birgit;Produktion;C2;1660.00
0598;Viersen;19.11.1966;Masek;Peter;Produktion;C2;1690.00
0599;Mönchengladbach;18.06.1973;Neu;Wolfgang;Produktion;C2;1720.00
0600;Mönchengladbach;17.01.1950;Fecht;Hans-Jürgen;Produktion;C2;1250.00
0601;Duisburg;16.08.1957;Gorzalsky;Sigrid;Produktion;C2;1280.00
0602;Mönchengladbach;15.03.1964;Vogelsang;Michael;Produktion;C2;1310.00
0603;Krefeld;14.10.1971;Weber;Dieter;Produktion;C2;1340.00
0604;Düsseldorf;13.05.1978;Eberhardt;Wilhelm;Produktion;C2;1370.00
0605;Krefeld;12.12.1955;Frick;Sigrid;Produktion;C2;1400.00
0606;Krefeld;11.07.1962;Kartsambas;Athanasios;Produktion;C2;1430.00
0607;Mönchengladbach;10.02.1969;Rausch;Akasua;Produktion;C2;1460.00
0608;Mönchengladbach;09.09.1976;Stark;Katharine;Produktion;C2;1490.00
0609;Mönchengladbach;08.04.1953;Kara;Hasan;Produktion;C2;1520.00
0610;Duisburg;07.11.1960;Metzler;Margareta;Produktion;C2;1550.00
0611;Krefeld;06.06.1967;Palm;Dieter;Produktion;C2;1580.00
0612;Krefeld;05.01.1974;Scheuble;Jeannette;Produktion;C2;1610.00
0613;Mönchengladbach;04.08.1951;Zutavern;Horst;Produktion;C2;1640.00
0614;Krefeld;03.03.1958;Bahle;Else;Produktion;C2;1670.00
0615;Krefeld;02.10.1965;Bohn;Hans;Produktion;C2;1700.00
0616;Krefeld;01.05.1972;Groß;Marta;Produktion;C2;1730.00
0617;Düsseldorf;28.12.1979;Wirbel;Eva;Produktion;C2;1260.00
0618;Düsseldorf;27.07.1956;Athanassios;Chotzidis;Produktion;C2;1290.00
0619;Krefeld;26.02.1963;Havas;Gabriele;Produktion;C2;1320.00
0620;Mönchengladbach;25.09.1970;Marazidis;Dimitrios;Produktion;C2;1350.00
0621;Düsseldorf;24.04.1977;Tsibliarakis;Pavlos;Produktion;C2;1380.00
0622;Düsseldorf;23.11.1954;Belas;Wassilios;Produktion;C2;1410.00
0623;Duisburg;22.06.1961;Lense;Pius;Produktion;C2;1440.00
0624;Krefeld;21.01.1968;Lustig;Waltraud;Produktion;C2;1470.00
0625;Krefeld;20.08.1975;Papadopoulos;Vasilios;Produktion;C2;1500.00
0626;Düsseldorf;19.03.1952;Samout;Georgios;Produktion;C2;1530.00
0627;Krefeld;18.10.1959;Busse;Joachim;Produktion;C2;1560.00
0628;Krefeld;17.05.1966;Dannenmaier;Franz;Produktion;C2;1590.00
0629;Krefeld;16.12.1973;Horn;Dieter;Produktion;C2;1620.00
0630;Krefeld;15.07.1950;Maurone;Matteo;Produktion;C2;1650.00
0631;Mönchengladbach;14.02.1957;Müller;Ulrich;Produktion;C2;1680.00
0632;Krefeld;13.09.1964;Nowak;Hermann;Produktion;C2;1710.00
0633;Krefeld;12.04.1971;Stein;Monika;Produktion;C2;1740.00
0634;Mönchengladbach;11.11.1978;Steng;Renate;Produktion;C2;1270.00
0635;Krefeld;10.06.1955;Haaren;Friedrich;Produktion;C2;1300.00
0636;Düsseldorf;09.01.1962;Haritonidis;Zissis;Produktion;C2;1330.00
0637;Krefeld;08.08.1969;Okadar;Mica;Produktion;C2;1360.00
0638;Krefeld;07.03.1976;Ackermann;Birgit;Produktion;C2;1390.00
0639;Mönchengladbach;06.10.1953;Bauer;Kerstin;Produktion;C2;1420.00
0640;Krefeld;05.05.1960;Combü;Manfred;Produktion;C2;1450.00
0641;Düsseldorf;04.12.1967;Kilgus;Helmut;Produktion;C2;1480.00
0642;Düsseldorf;03.07.1974;Wallisch;Martin;Produktion;C2;1510.00
0643;Mönchengladbach;02.02.1951;Aydel;Israfel;Produktion;C2;1540.00
0644;Düsseldorf;01.09.1958;Grace;Domingos;Produktion;C2;1570.00
0645;Düsseldorf;28.04.1965;Marra;Angelo;Produktion;C2;1600.00
0646;Duisburg;27.11.1972;Pink;Arnold;Produktion;C2;1630.00
0647;Viersen;26.06.1979;Kiosses;Ioannis;Produktion;C2;1660.00
0648;Krefeld;25.01.1956;Paraschoudis;Dimos;Produktion;C2;1690.00
0649;Krefeld;24.08.1963;Varelidon;Athina;Produktion;C2;1720.00
0650;Duisburg;23.03.1970;Cvitkovic;Luka;Produktion;C2;1250.00
0651;Viersen;22.10.1977;Geiger;Richard;Produktion;C2;1280.00
0652;Krefeld;21.05.1954;Lazaridis;Lazaros;Produktion;C2;1310.00
0653;Krefeld;20.12.1961;Rajalingam;Kandiyah;Produktion;C2;1340.00
0654;Düsseldorf;19.07.1968;Yücel;Gögus;Produktion;C2;1370.00
0655;Düsseldorf;18.02.1975;Koxenoglou;Simeon;Produktion;C2;1400.00
0656;Duisburg;17.09.1952;Ligds;Thomas;Produktion;C2;1430.00
0657;Viersen;16.04.1959;Radtke;Silvester;Produktion;C2;1460.00
0658;Viersen;15.11.1966;Zarogiannis;Thomas;Produktion;C2;1490.00
0659;Krefeld;14.06.1973;Feilmaier;Irmgard;Produktion;C2;1520.00
0660;Mönchengladbach;13.01.1950;Link;Margot;Produktion;C2;1550.00
0661;Mönchengladbach;12.08.1957;Papadopoulos;Dimitrios;Produktion;C2;1580.00
0662;Krefeld;11.03.1964;Parmak;Hasan;Produktion;C2;1610.00
0663;Düsseldorf;10.10.1971;Balle;Walter;Produktion;C2;1640.00
0664;Viersen;09.05.1978;Borst;Margot;Produktion;C2;1670.00
0665;Duisburg;08.12.1955;Busch;Elsa;Produktion;C2;1700.00
0666;Düsseldorf;07.07.1962;Mayer;Anneliese;Produktion;C2;1730.00
0667;Düsseldorf;06.02.1969;Mocke;Erika;Produktion;C2;1260.00
0668;Mönchengladbach;05.09.1976;Gaßmann;Gerhard;Produktion;C2;1290.00
0669;Viersen;04.04.1953;Glasbrenner;Emma;Produktion;C2;1320.00
0670;Krefeld;03.11.1960;Papadopoulos;Joannis;Produktion;C2;1350.00
0671;Mönchengladbach;02.06.1967;Christe;Erwin;Produktion;C2;1380.00
0672;Düsseldorf;01.01.1974;Giaourtsi;Despina;Produktion;C2;1410.00
0673;Duisburg;28.08.1951;Hailas;Alexandros;Produktion;C2;1440.00
0674;Düsseldorf;27.03.1958;Hofmann;Frieda;Produktion;C2;1470.00
0675;Düsseldorf;26.10.1965;Jesse;Herbert;Produktion;C2;1500.00
0676;Düsseldorf;25.05.1972;Albus;Michael;Produktion;C2;1530.00
0677;Krefeld;24.12.1979;Dimos;Joannis;Produktion;C2;1560.00
0678;Krefeld;23.07.1956;Mertes;Edgar;Produktion;C2;1590.00
0679;Krefeld;22.02.1963;Müller;Malvine;Produktion;C2;1620.00
0680;Krefeld;21.09.1970;Taskin;Cemal;Produktion;C2;1650.00
0681;Krefeld;20.04.1977;Akgun;Dursun;Produktion;C2;1680.00
0682;Duisburg;19.11.1954;Sungur;Mehmet-Ali;Produktion;C2;1710.00
0683;Krefeld;18.06.1961;Friedl;Johann;Produktion;C2;1740.00
0684;Viersen;17.01.1968;Sokunle;Tiwalade;Produktion;C2;1270.00
0685;Krefeld;16.08.1975;Vogratzoglou;Triantafillos;Produktion;C2;1300.00
0686;Duisburg;15.03.1952;Gross;Robert;Produktion;C2;1330.00
0687;Mönchengladbach;14.10.1959;Kanuric;Memija;Produktion;C2;1360.00
0688;Krefeld;13.05.1966;Poulinis;Stavros;Produktion;C2;1390.00
0689;Mönchengladbach;12.12.1973;Scholl;Edeltraud;Produktion;C2;1420.00
0690;Krefeld;11.07.1950;Jäger;Werner;Produktion;C2;1450.00
0691;Krefeld;10.02.1957;Miranda;Orlando;Produktion;C2;1480.00
0692;Krefeld;09.09.1964;Mundry;Willi;Produktion;C2;1510.00
0693;Düsseldorf;08.04.1971;Scavelli;Pietro;Produktion;C2;1540.00
0694;Krefeld;07.11.1978;Voigt;Heinz;Produktion;C2;1570.00
0695;Krefeld;06.06.1955;Falzone;Rosalia;Produktion;C2;1600.00
0696;Viersen;05.01.1962;Hain;Andreas;Produktion;C2;1630.00
0697;Krefeld;04.08.1969;Nanasi;Gerlinde;Produktion;C2;1660.00
0698;Krefeld;03.03.1976;Alincak;Yahya;Produktion;C2;1690.00
0699;Krefeld;02.10.1953;Kizilaslan;Ahmet;Produktion;C2;1720.00
0700;Duisburg;01.05.1960;Köylü;Sati;Produktion;C2;1250.00
0701;Viersen;28.12.1967;Kress;Anneliese;Produktion;C2;1280.00
0702;Krefeld;27.07.1974;Baron;Georg;Produktion;C2;1310.00
0703;Düsseldorf;26.02.1951;Kayser;Peter;Produktion;C2;1340.00
0704;Krefeld;25.09.1958;Kochmann;Jolanta;Produktion;C2;1370.00
0705;Krefeld;24.04.1965;Pelc;Miroslaw;Produktion;C2;1400.00
0706;Düsseldorf;23.11.1972;Fidan;Azize;Produktion;C2;1430.00
0707;Düsseldorf;22.06.1979;Klein;Monika;Produktion;C2;1460.00
0708;Duisburg;21.01.1956;Webersberger;Ilse;Produktion;C2;1490.00
0709;Krefeld;20.08.1963;Amarantidis;Anagyros;Produktion;C2;1520.00
0710;Mönchengladbach;19.03.1970;Stoll;Elsa;Produktion;C2;1550.00
0711;Mönchengladbach;18.10.1977;Dratwa;Edith;Produktion;C2;1580.00
0712;Krefeld;17.05.1954;Lehmann;Hans;Produktion;C2;1610.00
0713;Mönchengladbach;16.12.1961;Resler;Maria;Produktion;C2;1640.00
0714;Krefeld;15.07.1968;Godel;Eugen;Produktion;C2;1670.00
0715;Krefeld;14.02.1975;Lazos;Georges;Produktion;C2;1700.00
0716;Mönchengladbach;13.09.1952;Reichenwallner;Gerhard;Produktion;C2;1730.00
0717;Düsseldorf;12.04.1959;Wintermann;Rolf;Produktion;C2;1260.00
0718;Düsseldorf;11.11.1966;Mavropoulos;Emmanuil;Produktion;C2;1290.00
0719;Mönchengladbach;10.06.1973;Parmak;Ali;Produktion;C2;1320.00
0720;Viersen;09.01.1950;Tayar;Seref;Produktion;C2;1350.00
0721;Mönchengladbach;08.08.1957;Eckert;Helmut;Produktion;C2;1380.00
0722;Duisburg;07.03.1964;Garcia-Lopez;Manuel;Produktion;C2;1410.00
0723;Krefeld;06.10.1971;Schindler;Hildegard;Produktion;C2;1440.00
0724;Viersen;05.05.1978;Solansky;Artur;Produktion;C2;1470.00
0725;Mönchengladbach;04.12.1955;Tsoulos;Antonius;Produktion;C2;1500.00
0726;Krefeld;03.07.1962;Arik;Mustafa;Produktion;C2;1530.00
0727;Krefeld;02.02.1969;Blaz;Zertus;Produktion;C2;1560.00
0728;Krefeld;01.09.1976;Köse;Seyde;Produktion;C2;1590.00
0729;Düsseldorf;28.04.1953;Wolff;Klaus;Produktion;C2;1620.00
0730;Düsseldorf;27.11.1960;Cupal;Adolf;Produktion;C2;1650.00
0731;Krefeld;26.06.1967;Giuliano;Francesco;Produktion;C2;1680.00
0732;Krefeld;25.01.1974;Schiksnus;Rudi;Produktion;C2;1710.00
0733;Krefeld;24.08.1951;Dickmann;Anna;Produktion;C2;1740.00
0734;Krefeld;23.03.1958;Lachanidis;Petros;Produktion;C2;1270.00
0735;Duisburg;22.10.1965;Zedler;Klaus;Produktion;C2;1300.00
0736;Krefeld;21.05.1972;Auernhammer;Johann;Produktion;C2;1330.00
0737;Krefeld;20.12.1979;Giaourtsis;Michael;Produktion;C2;1360.00
0738;Krefeld;19.07.1956;Berkany;Besima;Produktion;C2;1390.00
0739;Düsseldorf;18.02.1963;Koschar;Herbert;Produktion;C2;1420.00
0740;Mönchengladbach;17.09.1970;Renner;Manfred;Produktion;C2;1450.00
0741;Krefeld;16.04.1977;Kolitsas;Mihail;Produktion;C2;1480.00
0742;Duisburg;15.11.1954;Poutiouloudis;Pavlos;Produktion;C2;1510.00
0743;Krefeld;14.06.1961;Sakip;Celikyildirim;Produktion;C2;1540.00
0744;Krefeld;13.01.1968;Wittfeld;Inge-Louise;Produktion;C2;1570.00
0745;Duisburg;12.08.1975;Fackovic;Josip;Produktion;C2;1600.00
0746;Krefeld;11.03.1952;Marschall;Siegfried;Produktion;C2;1630.00
0747;Krefeld;10.10.1959;Göbel;Michael;Produktion;C2;1660.00
0748;Düsseldorf;09.05.1966;Martin;Hilde;Produktion;C2;1690.00
0749;Düsseldorf;08.12.1973;Schmid;Monika;Produktion;C2;1720.00
0750;Mönchengladbach;07.07.1950;Yazgic;Mustafa;Produktion;C2;1250.00
0751;Mönchengladbach;06.02.1957;Zimmermann;Ecaterina;Produktion;C2;1280.00
0752;Düsseldorf;05.09.1964;Bakaloglou;Dimitrios;Produktion;C2;1310.00
0753;Viersen;04.04.1971;Bakaloglou;Ioannis;Produktion;C2;1340.00
0754;Mönchengladbach;03.11.1978;Münch;Heinz;Produktion;C2;1370.00
0755;Düsseldorf;02.06.1955;Rengas;Athanasios;Produktion;C2;1400.00
0756;Krefeld;01.01.1962;Fechter;Karlheinz;Produktion;C2;1430.00
0757;Krefeld;28.08.1969;Imdat;Kaya;Produktion;C2;1460.00
0758;Krefeld;27.03.1976;Koussiantas;Evangelos;Produktion;C2;1490.00
0759;Krefeld;26.10.1953;Schweikardt;Karl;Produktion;C2;1520.00
0760;Düsseldorf;25.05.1960;Selahedin;Arifov;Produktion;C2;1550.00
0761;Duisburg;24.12.1967;Akin;Ibrahim;Produktion;C2;1580.00
0762;Viersen;23.07.1974;Bedka;Miroslaw;Produktion;C2;1610.00
0763;Düsseldorf;22.02.1951;Sauer;Heidi;Produktion;C2;1640.00
0764;Krefeld;21.09.1958;Strecker;Herbert;Produktion;C2;1670.00
0765;Krefeld;20.04.1965;Tsakiridis;Vassilios;Produktion;C2;1700.00
0766;Viersen;19.11.1972;Vassiliadis;Lazaros;Produktion;C2;1730.00
0767;Krefeld;18.06.1979;Mikuteit;Ruth;Produktion;C2;1260.00
0768;Krefeld;17.01.1956;Weinberger;Jakob;Produktion;C2;1290.00
0769;Krefeld;16.08.1963;Oktay;Ismail;Produktion;C2;1320.00
0770;Krefeld;15.03.1970;Peer;Alexander;Produktion;C2;1350.00
0771;Mönchengladbach;14.10.1977;Schwendemann;Martin;Produktion;C2;1380.00
0772;Krefeld;13.05.1954;Sobota;Johann;Produktion;C2;1410.00
0773;Krefeld;12.12.1961;Staridu;Atanasia;Produktion;C2;1440.00
0774;Krefeld;11.07.1968;Mumin;Sabadin;Produktion;C2;1470.00
0775;Krefeld;10.02.1975;Fritz;Waltraud;Produktion;C2;1500.00
0776;Mönchengladbach;09.09.1952;Schwab;Ernst;Produktion;C2;1530.00
0777;Duisburg;08.04.1959;Toutountzoglou;Maria;Produktion;C2;1560.00
0778;Düsseldorf;07.11.1966;Isik;Ahmet;Produktion;C2;1590.00
0779;Duisburg;06.06.1973;Kimmerle;Herbert;Produktion;C2;1620.00
0780;Krefeld;05.01.1950;Staroveski;Marija;Produktion;C2;1650.00
0781;Krefeld;04.08.1957;Cubukcu;Fatma;Produktion;C2;1680.00
0782;Mönchengladbach;03.03.1964;Krauter;Walter;Produktion;C2;1710.00
0783;Krefeld;02.10.1971;Ranko;Josic;Produktion;C2;1740.00
0784;Duisburg;01.05.1978;Walter;Anna;Produktion;C2;1270.00
0785;Düsseldorf;28.12.1955;Brecht;Rolf;Produktion;C2;1300.00
0786;Krefeld;27.07.1962;Kurz;Margot;Produktion;C2;1330.00
0787;Mönchengladbach;26.02.1969;Pasternak;Hubert;Produktion;C2;1360.00
0788;Krefeld;25.09.1976;Rueb;Hedwig;Produktion;C2;1390.00
0789;Krefeld;24.04.1953;Walz;Gisela;Produktion;C2;1420.00
0790;Duisburg;23.11.1960;Brandner;Ulrich;Produktion;C2;1450.00
0791;Krefeld;22.06.1967;Calpakidou;Ekaterini;Produktion;C2;1480.00
0792;Viersen;21.01.1974;Demirel;Osman;Produktion;C2;1510.00
0793;Krefeld;20.08.1951;Rüger;Wolfgang;Produktion;C2;1540.00
0794;Krefeld;19.03.1958;Sefer;Tülay;Produktion;C2;1570.00
0795;Krefeld;18.10.1965;Sefer;Tuncay;Produktion;C2;1600.00
0796;Viersen;17.05.1972;Dürr;Traute;Produktion;C2;1630.00
0797;Viersen;16.12.1979;Freythaler;Willy;Produktion;C2;1660.00
0798;Krefeld;15.07.1956;Heim;Elsa;Produktion;C2;1690.00
0799;Düsseldorf;14.02.1963;Maier;Adelheid;Produktion;C2;1720.00
0800;Düsseldorf;13.09.1970;Bozca;Merdiye;Produktion;C2;1250.00
0801;Krefeld;12.04.1977;Körber;Elsbeth;Produktion;C2;1280.00
0802;Viersen;11.11.1954;Karatas;Halit;Produktion;C2;1310.00
0803;Krefeld;10.06.1961;Schording;Walter;Produktion;C2;1340.00
0804;Düsseldorf;09.01.1968;Stahl;Elfriede;Produktion;C2;1370.00
0805;Krefeld;08.08.1975;Stolze;Gisela;Produktion;C2;1400.00
0806;Mönchengladbach;07.03.1952;Zivkovic;Divna;Produktion;C2;1430.00
0807;Mönchengladbach;06.10.1959;Baisch;Paul;Produktion;C2;1460.00
0808;Krefeld;05.05.1966;Hüseyin;Simsek;Produktion;C2;1490.00
0809;Düsseldorf;04.12.1973;Joos;Renate;Produktion;C2;1520.00
0810;Krefeld;03.07.1950;Mayer;Fritz;Produktion;C2;1550.00
0811;Krefeld;02.02.1957;Sivaloganathan;Kanthesamy;Produktion;C2;1580.00
0812;Krefeld;01.09.1964;Gökmen;Hicran;Produktion;C2;1610.00
0813;Krefeld;28.04.1971;Papaioannou;Magdalini;Produktion;C2;1640.00
0814;Viersen;27.11.1978;Özdemir;Mehmet;Produktion;C2;1670.00
0815;Duisburg;26.06.1955;Albayrak;Melakat;Produktion;C2;1700.00
0816;Düsseldorf;25.01.1962;Hizli;Adem;Produktion;C2;1730.00
0817;Krefeld;24.08.1969;Peric;Pero;Produktion;C2;1260.00
0818;Krefeld;23.03.1976;Schneider;Johann;Produktion;C2;1290.00
0819;Viersen;22.10.1953;Dafnas;Theodosios;Produktion;C2;1320.00
0820;Krefeld;21.05.1960;Deibler;Frida;Produktion;C2;1350.00
0821;Krefeld;20.12.1967;Guzdziol;Marianne;Produktion;C2;1380.00
0822;Krefeld;19.07.1974;Link;Anneliese;Produktion;C2;1410.00
0823;Mönchengladbach;18.02.1951;Makri;Primi;Produktion;C2;1440.00
0824;Mönchengladbach;17.09.1958;Wiertelorz;Inge;Produktion;C2;1470.00
0825;Krefeld;16.04.1965;Celik;Hayrettin;Produktion;C2;1500.00
0826;Krefeld;15.11.1972;Hotek;Katharina;Produktion;C2;1530.00
0827;Krefeld;14.06.1979;Stankovic;Miodrag;Produktion;C2;1560.00
0828;Krefeld;13.01.1956;Vasic;Maria;Produktion;C2;1590.00
0829;Krefeld;12.08.1963;Christiansen;Jens;Produktion;C2;1620.00
0830;Düsseldorf;11.03.1970;Eger;Erich;Produktion;C2;1650.00
0831;Krefeld;10.10.1977;Ak;Ahmet;Produktion;C2;1680.00
0832;Mönchengladbach;09.05.1954;Kaya;Mustafa;Produktion;C2;1710.00
0833;Krefeld;08.12.1961;Krauss;Karl;Produktion;C2;1740.00
0834;Krefeld;07.07.1968;Mamali;Athina;Produktion;C2;1270.00
0835;Krefeld;06.02.1975;Tartanis;Athanassios;Produktion;C2;1300.00
0836;Mönchengladbach;05.09.1952;Grube;Elise;Produktion;C2;1330.00
0837;Duisburg;04.04.1959;Krey;Irmgard;Produktion;C2;1360.00
0838;Düsseldorf;03.11.1966;Nizamettin;Gemici;Produktion;C2;1390.00
0839;Krefeld;02.06.1973;Saban;Arikan;Produktion;C2;1420.00
0840;Krefeld;01.01.1950;Dambacher;Renate;Produktion;C2;1450.00
0841;Krefeld;28.08.1957;Gören;Cengiz;Produktion;C2;1480.00
0842;Krefeld;27.03.1964;Obermeier;Ingrid;Produktion;C2;1510.00
0843;Mönchengladbach;26.10.1971;Berngardt;Olga;Produktion;C2;1540.00
0844;Düsseldorf;25.05.1978;Burkert;Gertrud;Produktion;C2;1570.00
0845;Krefeld;24.12.1955;Delidimitriou;Petros;Produktion;C2;1600.00
0846;Krefeld;23.07.1962;Holz;Lilli;Produktion;C2;1630.00
0847;Krefeld;22.02.1969;Schierbauer;Johann;Produktion;C2;1660.00
0848;Viersen;21.09.1976;Ackermann;Richard;Produktion;C2;1690.00
0849;Viersen;20.04.1953;Chevalier;Ralf;Produktion;C2;1720.00
0850;Düsseldorf;19.11.1960;Fechter;Ingrid;Produktion;C2;1250.00
0851;Krefeld;18.06.1967;Fechter;Ingrid;Produktion;C2;1280.00
0852;Mönchengladbach;17.01.1974;Gündopolu;Selahattin;Produktion;C2;1310.00
0853;Krefeld;16.08.1951;Kara;Mustafa;Produktion;C2;1340.00
0854;Krefeld;15.03.1958;Mildenberger;Kurt;Produktion;C2;1370.00
0855;Viersen;14.10.1965;Possidente;Marina;Produktion;C2;1400.00
0856;Duisburg;13.05.1972;Zalud;Maria;Produktion;C2;1430.00
0857;Krefeld;12.12.1979;Abt;Irene;Produktion;C2;1460.00
0858;Duisburg;11.07.1956;Adomat;Marion;Produktion;C2;1490.00
0859;Krefeld;10.02.1963;Bechtle;Günther;Produktion;C2;1520.00
0860;Viersen;09.09.1970;Beck;Heinrich;Produktion;C2;1550.00
0861;Viersen;08.04.1977;Betz;Walter;Produktion;C2;1580.00
0862;Mönchengladbach;07.11.1954;Bochmann;Ruth;Produktion;C2;1610.00
0863;Krefeld;06.06.1961;Böhm;Hellmut;Produktion;C2;1640.00
0864;Krefeld;05.01.1968;Bofinger;Wilhelm;Produktion;C2;1670.00
0865;Krefeld;04.08.1975;Breucha;Charlotte;Produktion;C2;1700.00
0866;Mönchengladbach;03.03.1952;Brückl;Günther;Produktion;C2;1730.00
0867;Duisburg;02.10.1959;Bürk;Marianne;Produktion;C2;1260.00
0868;Krefeld;01.05.1966;Cress;Raimund;Produktion;C2;1290.00
0869;Krefeld;28.12.1973;Dees;Karl;Produktion;C2;1320.00
0870;Krefeld;27.07.1950;Dochtermann;Gerhard;Produktion;C2;1350.00
0871;Viersen;26.02.1957;Fickenscher;Paula;Produktion;C2;1380.00
0872;Krefeld;25.09.1964;Fröbrich;Andreas;Produktion;C2;1410.00
0873;Krefeld;24.04.1971;Funk;Walter;Produktion;C2;1440.00
0874;Krefeld;23.11.1978;Gantert;Rolf;Produktion;C2;1470.00
0875;Krefeld;22.06.1955;Glander;Emma;Produktion;C2;1500.00
0876;Viersen;21.01.1962;Gröber;Else;Produktion;C2;1530.00
0877;Viersen;20.08.1969;Grünthal;Hedwig;Produktion;C2;1560.00
0878;Krefeld;19.03.1976;Gugeler;Fritz;Produktion;C2;1590.00
0879;Krefeld;18.10.1953;Gwinner;Friedrich;Produktion;C2;1620.00
0880;Düsseldorf;17.05.1960;Haist;Alfred;Produktion;C2;1650.00
0881;Mönchengladbach;16.12.1967;Hauber;Martha;Produktion;C2;1680.00
0882;Krefeld;15.07.1974;Hecht;Albrecht;Produktion;C2;1710.00
0883;Krefeld;14.02.1951;Heidt;Anna-Maria;Produktion;C2;1740.00
0884;Krefeld;13.09.1958;Hoeschele;Martha;Produktion;C2;1270.00
0885;Duisburg;12.04.1965;Josten;Wilhelmine;Produktion;C2;1300.00
0886;Duisburg;11.11.1972;Kemnitz;Hannelore;Produktion;C2;1330.00
0887;Krefeld;10.06.1979;Kieffer;Eberhardt;Produktion;C2;1360.00
0888;Krefeld;09.01.1956;Kienle;Fritz;Produktion;C2;1390.00
0889;Krefeld;08.08.1963;Kloth;Gerhard;Produktion;C2;1420.00
0890;Viersen;07.03.1970;Klotz;Ida;Produktion;C2;1450.00
0891;Krefeld;06.10.1977;Kolb;Elisabeth;Produktion;C2;1480.00
0892;Düsseldorf;05.05.1954;Komann;Richard;Produktion;C2;1510.00
0893;Krefeld;04.12.1961;Kommerell;Beate;Produktion;C2;1540.00
0894;Krefeld;03.07.1968;Krämer;Luise;Produktion;C2;1570.00
0895;Krefeld;02.02.1975;Kübler;Mathilde;Produktion;C2;1600.00
0896;Düsseldorf;01.09.1952;Kurz;Gertrud;Produktion;C2;1630.00
0897;Duisburg;28.04.1959;Lambert;Marga;Produktion;C2;1660.00
0898;Krefeld;27.11.1966;Lechner;Theo;Produktion;C2;1690.00
0899;Krefeld;26.06.1973;Mattern;Käthe;Produktion;C2;1720.00
0900;Mönchengladbach;25.01.1950;Meier;Maria;Produktion;C2;1250.00
0901;Krefeld;24.08.1957;Müller;Hedwig;Produktion;C2;1280.00
0902;Duisburg;23.03.1964;Ott;Pauline;Produktion;C2;1310.00
0903;Krefeld;22.10.1971;Philippscheck;Ella;Produktion;C2;1340.00
0904;Krefeld;21.05.1978;Placzek;Oskar;Produktion;C2;1370.00
0905;Krefeld;20.12.1955;Plapp;Anna;Produktion;C2;1400.00
0906;Krefeld;19.07.1962;Rieger;Charlotte;Produktion;C2;1430.00
0907;Krefeld;18.02.1969;Riegraf;Johanna;Produktion;C2;1460.00
0908;Mönchengladbach;17.09.1976;Rohm;Luise;Produktion;C2;1490.00
0909;Viersen;16.04.1953;Rosenzweig;Uta;Produktion;C2;1520.00
0910;Krefeld;15.11.1960;Rothe;Irmgard;Produktion;C2;1550.00
0911;Düsseldorf;14.06.1967;Schmidt;Hildegard;Produktion;C2;1580.00
0912;Mönchengladbach;13.01.1974;Schneider;Lydia;Produktion;C2;1610.00
0913;Duisburg;12.08.1951;Seibold;Ingeborg;Produktion;C2;1640.00
0914;Krefeld;11.03.1958;Seifert;Friedhild;Produktion;C2;1670.00
0915;Mönchengladbach;10.10.1965;Seybold;Paula;Produktion;C2;1700.00
0916;Krefeld;09.05.1972;Siebert;Lore;Produktion;C2;1730.00
0917;Düsseldorf;08.12.1979;Spieß;Hermann;Produktion;C2;1260.00
0918;Viersen;07.07.1956;Steiner;Frieda;Produktion;C2;1290.00
0919;Düsseldorf;06.02.1963;Stolzenberger;Gustav;Produktion;C2;1320.00
0920;Krefeld;05.09.1970;Strunk;Michael;Produktion;C2;1350.00
0921;Mönchengladbach;04.04.1977;Tinner;Josephina;Produktion;C2;1380.00
0922;Mönchengladbach;03.11.1954;Trumpp;Kreszenzia;Produktion;C2;1410.00
0923;Krefeld;02.06.1961;Villaine;Hedwig;Produktion;C2;1440.00
0924;Duisburg;01.01.1968;Vogel;Katharina;Produktion;C2;1470.00
0925;Krefeld;28.08.1975;Vogt;Rolf;Produktion;C2;1500.00
0926;Krefeld;27.03.1952;Weidt;Maria;Produktion;C2;1530.00
0927;Düsseldorf;26.10.1959;Bulat;Sime;Produktion;C2;1560.00
0928;Krefeld;25.05.1966;Hamade;Hassan;Produktion;C2;1590.00
0929;Düsseldorf;24.12.1973;Stierle;Peter;Produktion;C2;1620.00
0930;Krefeld;23.07.1950;Biedermann;Jacklin;Produktion;C2;1650.00
0931;Krefeld;22.02.1957;Ziesel;Dieter;Produktion;C2;1680.00
0932;Krefeld;21.09.1964;Blumenstein;Gerhard;Produktion;C2;1710.00
0933;Krefeld;20.04.1971;Eksi;Esref;Produktion;C2;1740.00
0934;Krefeld;19.11.1978;Gieß;Katharina;Produktion;C2;1270.00
0935;Mönchengladbach;18.06.1955;Kraft;Karl;Produktion;C2;1300.00
0936;Düsseldorf;17.01.1962;Mermer;Osman;Produktion;C2;1330.00
0937;Krefeld;16.08.1969;Radwanski;Andreas;Produktion;C2;1360.00
0938;Mönchengladbach;15.03.1976;Serbezis;Dimitrios;Produktion;C2;1390.00
0939;Düsseldorf;14.10.1953;Tröscher;Walter;Produktion;C2;1420.00
0940;Krefeld;13.05.1960;Hemminger;Else;Produktion;C2;1450.00
0941;Mönchengladbach;12.12.1967;Sejdovic;Hakija;Produktion;C2;1480.00
0942;Viersen;11.07.1974;Wenger;Gerlinde;Produktion;C2;1510.00
0943;Mönchengladbach;10.02.1951;Fengler;Michael;Produktion;C2;1540.00
0944;Mönchengladbach;09.09.1958;Thumm;Werner;Produktion;C2;1570.00
0945;Krefeld;08.04.1965;Leichner;Wolf-Dieter;Rechnungswesen;B1;4800.00
0946;Krefeld;07.11.1972;Cigliola;Augusto;Rechnungswesen;B1;2330.00
0947;Duisburg;06.06.1979;Krollpfeiffer;Klaus;Rechnungswesen;B1;2360.00
0948;Viersen;05.01.1956;Liebau;Werner;Rechnungswesen;B1;2390.00
0949;Viersen;04.08.1963;Reifek;Josip;Rechnungswesen;B1;2420.00
0950;Duisburg;03.03.1970;Schätzle;Eberhard;Rechnungswesen;B1;1950.00
0951;Mönchengladbach;02.10.1977;Antunovic;Branko;Rechnungswesen;B1;1980.00
0952;Krefeld;01.05.1954;Bauer;Robert;Rechnungswesen;B1;2010.00
0953;Viersen;28.12.1961;Fuchs;Renate;Rechnungswesen;B1;2040.00
0954;Krefeld;27.07.1968;Kreiner;Peter;Rechnungswesen;B1;2070.00
0955;Krefeld;26.02.1975;Sticcotti;Josef;Rechnungswesen;B1;2100.00
0956;Krefeld;25.09.1952;Siepelt;Gerda;Rechnungswesen;B1;2130.00
0957;Krefeld;24.04.1959;Dreschl;Alfred;Rechnungswesen;B1;2160.00
0958;Krefeld;23.11.1966;Hirsch;Hans-Joachim;Rechnungswesen;B1;2190.00
0959;Krefeld;22.06.1973;Partala;Angeliti;Rechnungswesen;B1;2220.00
0960;Viersen;21.01.1950;Pavao;Krpan;Rechnungswesen;B1;2250.00
0961;Krefeld;20.08.1957;Priebe;Jörn;Rechnungswesen;B1;2280.00
0962;Krefeld;19.03.1964;Arndt;Kurt;Rechnungswesen;B1;2310.00
0963;Düsseldorf;18.10.1971;Chassilidis;Sawas;Rechnungswesen;B1;2340.00
0964;Düsseldorf;17.05.1978;Doulgeris;Constantinos;Rechnungswesen;B1;2370.00
0965;Viersen;16.12.1955;Förderer;Gisela;Rechnungswesen;B1;2400.00
0966;Duisburg;15.07.1962;Geyik;Kamer;Rechnungswesen;B1;2430.00
0967;Düsseldorf;14.02.1969;Kazmierczak;Sieglinde;Rechnungswesen;B1;1960.00
0968;Krefeld;13.09.1976;Kesisoglou;Agelos;Rechnungswesen;B1;1990.00
0969;Viersen;12.04.1953;Kijamet;Fikret;Rechnungswesen;B1;2020.00
0970;Viersen;11.11.1960;Marscheider;Ingolf;Rechnungswesen;B1;2050.00
0971;Duisburg;10.06.1967;Martone;Antonio;Rechnungswesen;B1;2080.00
0972;Krefeld;09.01.1974;Müller;Corinna;Rechnungswesen;B1;2110.00
0973;Krefeld;08.08.1951;Paul;Anni;Rechnungswesen;B1;2140.00
0974;Mönchengladbach;07.03.1958;Vohringer;Irina;Rechnungswesen;B1;2170.00
0975;Krefeld;06.10.1965;Bernhard;Roland;Rechnungswesen;B1;2200.00
0976;Duisburg;05.05.1972;Müller;Marianne;Rechnungswesen;B1;2230.00
0977;Krefeld;04.12.1979;Sandalya;Fikret;Rechnungswesen;B1;2260.00
0978;Düsseldorf;03.07.1956;Sanwald;Birgit;Rechnungswesen;B1;2290.00
0979;Duisburg;02.02.1963;Tsirigotis;Vassilios;Rechnungswesen;B1;2320.00
0980;Krefeld;01.09.1970;Wölffer;Alfred;Rechnungswesen;B1;2350.00
0981;Krefeld;28.04.1977;Yildiz;Mehmet;Rechnungswesen;B1;2380.00
0982;Mönchengladbach;27.11.1954;Bantleon;Heinrich;Rechnungswesen;B1;2410.00
0983;Krefeld;26.06.1961;Böckle;Gerhard;Rechnungswesen;B1;2440.00
0984;Krefeld;25.01.1968;Mizoglou;Iordanis;Rechnungswesen;B1;1970.00
0985;Mönchengladbach;24.08.1975;Saal;Otto;Rechnungswesen;B1;2000.00
0986;Duisburg;23.03.1952;Dannecker;Roland;Rechnungswesen;B1;2030.00
0987;Düsseldorf;22.10.1959;Kallenbach;Ernst;Rechnungswesen;B1;2060.00
0988;Viersen;21.05.1966;Karaipidis;Michael;Rechnungswesen;B1;2090.00
0989;Krefeld;20.12.1973;Schnabel;Alfred;Rechnungswesen;B1;2120.00
0990;Krefeld;19.07.1950;Schwenk;Andreas;Rechnungswesen;B1;2150.00
0991;Krefeld;18.02.1957;Stavrakidis;Stergios;Rechnungswesen;B1;2180.00
0992;Düsseldorf;17.09.1964;Bettouche;Mustapha;Rechnungswesen;B1;2210.00
0993;Düsseldorf;16.04.1971;Herrling;Norbert;Rechnungswesen;B1;2240.00
0994;Krefeld;15.11.1978;Scheifele;Rudolf;Rechnungswesen;B1;2270.00
0995;Krefeld;14.06.1955;Scott;Gudrun;Rechnungswesen;B1;2300.00
0996;Viersen;13.01.1962;Swoboda;Maria;Rechnungswesen;B1;2330.00
0997;Krefeld;12.08.1969;Zimmermann;Edgar;Rechnungswesen;B1;2360.00
0998;Krefeld;11.03.1976;Gruber;Harald;Rechnungswesen;B1;2390.00
0999;Krefeld;10.10.1953;Kisker;Carmen;Rechnungswesen;B1;2420.00
1000;Krefeld;09.05.1960;Narings;Petra;Rechnungswesen;B1;1950.00
